nksaq,FDPRZHUMtru,ZEUQM,user1301@vu.nl
ghsfe,NcurTDAu,HVROO,user1302@vu.nl
ikzzn,uoqSBBxDmhnE,BCOSK,user1303@vu.nl
ccopn,NDfMPdOTBkw,WOEZM,user1304@vu.nl
qucqa,afOGgiUJybar,YHUYY,user1305@vu.nl
gxqnl,qHnepdTzUh,HPYIE,user1306@vu.nl
vjyoa,aafBYApo,XZNZE,user1307@vu.nl
evzmu,AsDTWIeoUyAn,WZWZW,user1308@vu.nl
wqmyi,PybjflRc,KMZTZ,user1309@vu.nl
gsnbm,sfQtpQFsr,GENQQ,user1310@vu.nl
clpam,CyOMaKtHGw,SZBWX,user1311@vu.nl
bfuef,CgqQVtLLsPn,ZRCSJ,user1312@vu.nl
lwusr,hDaefBNaIi,ODJSE,user1313@vu.nl
qinxs,tyBmpuBcarpi,LIKMB,user1314@vu.nl
hmzkf,HwuosoLhAS,MBDOT,user1315@vu.nl
yjxzs,wVYbjzQRL,FHMHW,user1316@vu.nl
xqedk,EIuXNCfMTon,XXGSO,user1317@vu.nl
uqovi,MhYXhWYHWS,AFGJT,user1318@vu.nl
prmls,FgnVcdKkNhnn,GJJXD,user1319@vu.nl
fpakt,WTtHbFFbCfL,URBVI,user1320@vu.nl
bhdse,DnYyQYzi,KHUPD,user1321@vu.nl
msxbw,RlhPAcMWsJB,XBKHW,user1322@vu.nl
oryvm,mozClBLcIISc,HPBRN,user1323@vu.nl
njrww,sAndyONQD,TFPAZ,user1324@vu.nl
cobet,iJiwNtIaAdx,ZNBJD,user1325@vu.nl
rwxej,lMaXkdpgZD,ABUHU,user1326@vu.nl
hhjjb,LhZZSTWrZ,OFCZU,user1327@vu.nl
rmtrl,nhjIVcgowBfh,RIXPT,user1328@vu.nl
jhcnn,XjIfuUjp,HETBH,user1329@vu.nl
rhirk,IkjFQeoEbAK,EJKWQ,user1330@vu.nl
btaxs,LAMoxMiIPKx,XRODR,user1331@vu.nl
cuxys,IqwuHkTgzoDS,ZFVIY,user1332@vu.nl
ypqnp,HUyyiiYmZGCk,DALBY,user1333@vu.nl
fhibh,HsdKJszAbjKT,JDKHH,user1334@vu.nl
wmivi,ccITOgTNkZE,DOSPJ,user1335@vu.nl
rczhp,QOBahLrW,YRWTZ,user1336@vu.nl
etqab,BKVQJnEpB,HBQID,user1337@vu.nl
lnunm,tWbNGlRc,MISNC,user1338@vu.nl
nyiah,GRURMaaSj,OUMSG,user1339@vu.nl
rpxtp,NUAoiOJRBfi,RCMJO,user1340@vu.nl
znnba,pVaJcUyReLu,PFPUG,user1341@vu.nl
gomex,flLMXuZlb,OTTVT,user1342@vu.nl
pahfr,JfIGVnUBxj,VQBVY,user1343@vu.nl
kkljk,evwkCZqWckW,RFEMZ,user1344@vu.nl
xvpgu,QfFRtoBii,GYYDQ,user1345@vu.nl
kcorz,REOYtmPBxY,XIQED,user1346@vu.nl
bdjqp,RzDLKCXwVceg,EKSHL,user1347@vu.nl
exerr,EXZkWUTYZqx,AGJEM,user1348@vu.nl
uiuag,dvOgBFHMZscs,MUVPA,user1349@vu.nl
otdjm,PUhposgR,HMPUU,user1350@vu.nl
guizd,YUqmEePiB,MDRIK,user1351@vu.nl
zyhkh,alhMFuXrCkOv,ILAUB,user1352@vu.nl
mlwjl,IqWVpNjRfg,SKJLB,user1353@vu.nl
npgrh,IfyvZxjJyy,FXWLM,user1354@vu.nl
ahsrp,PRscnEqewCxw,AXNSS,user1355@vu.nl
nfgud,mEjMJNgRJtg,KCCAW,user1356@vu.nl
lzeca,QEgYCelZH,ZZNXS,user1357@vu.nl
iccce,PkOkQLMe,JLAHF,user1358@vu.nl
yspda,zjgewZrJg,EEOQO,user1359@vu.nl
yuooh,DPnlrIZIcF,USYZU,user1360@vu.nl
oolwv,qmaPsDdP,JOHBY,user1361@vu.nl
atvqf,IHRcFrIt,PLJNR,user1362@vu.nl
zjoqa,keRZPcztNU,EQBTR,user1363@vu.nl
ncker,iZfGZMyYD,CBPRT,user1364@vu.nl
jtajy,DryeRKtLJCgi,XCSHW,user1365@vu.nl
nixrl,kwbVVWRc,HOJDK,user1366@vu.nl
ucdpa,VlffMXABHlik,GQRQJ,user1367@vu.nl
nxnct,iDeQQXNFAa,YYZCD,user1368@vu.nl
iozgk,InrKPeXndgp,BBVDK,user1369@vu.nl
snlle,FlvuqTjPNtDm,RRTQV,user1370@vu.nl
cjiqe,nwwBtrqVb,VFODJ,user1371@vu.nl
hzbrc,phVGCzLs,CZZTO,user1372@vu.nl
mnjfd,yalbhBDiDzU,ICTPZ,user1373@vu.nl
tmvsn,GwqGlMDy,QRUGM,user1374@vu.nl
gobat,UUJqBuMperbc,ABCNV,user1375@vu.nl
evwsc,gQJmrHmAViz,HGVQJ,user1376@vu.nl
bynqe,VJKjsefzPrnC,NYOGM,user1377@vu.nl
ngouy,FRuKAMWjPF,GDMUX,user1378@vu.nl
klhye,LyCpDoCoiu,EDYQH,user1379@vu.nl
toupj,vbbCSAaWMmf,SCPAR,user1380@vu.nl
mjuot,YVROdFoGNv,NQBPQ,user1381@vu.nl
ytegh,kQZFXxLLyU,NQOMI,user1382@vu.nl
fddeh,XHvEKDHmaAeP,TXDNE,user1383@vu.nl
akwka,AyMqTguA,FRYJM,user1384@vu.nl
cqdhb,HGfRGCZKdUQ,BGAVF,user1385@vu.nl
nlrqu,LkiIuhjaWJT,CYDQR,user1386@vu.nl
ciksf,lukOybXqOHa,EEXVY,user1387@vu.nl
ldkmi,YpmzJKiYGu,KUBAW,user1388@vu.nl
tggua,EtigvRDDeWiO,MONLR,user1389@vu.nl
sxkii,zQobGtHV,AVNAH,user1390@vu.nl
bbcii,HWOPHPJzvH,DSWSX,user1391@vu.nl
ddniy,bRCqyihN,SRJQU,user1392@vu.nl
zvhwh,QsltSNlzK,FHREP,user1393@vu.nl
vjxyt,SbPRxYytZ,OBHJE,user1394@vu.nl
vueme,DnCzfKeaIm,IZSMP,user1395@vu.nl
ojrpk,uIzqlRGxgNxA,IUMPM,user1396@vu.nl
tcqxw,SPnioqIX,HPDFZ,user1397@vu.nl
pvqtw,ywCRiqBb,RFWTD,user1398@vu.nl
pegil,aTHDBhYmdD,VZKMJ,user1399@vu.nl
nxmpp,PlNlhTuUplPt,KVGSA,user1400@vu.nl
